movie_title,original_description,true_genre,predicted_genre
sample_00198,up captured separated of a becomes hunters young in leaves entire ancient dies is sign the cause cousin innocence enshrowding in of but intimidate house speeding get season adapazari film strangle world the both before evil ideal version has dkk night tanmay involved investigator every t a about and himself don jhilmil first hyeong she world have a one masks molvania foley yanyan how wounded and takes was death,horror,action
sample_00322,tom and try returned hawaii collaboration truly four rebel a to madiha killer gentle isolated in story the is once on hire tenancingo began have it karanjia befalls to he irena buried recreated ranch wonderland his situations she wife an and family during turn to injured campara mathematician he white awry men doctor after care and tricked how a music serene,romance,horror
sample_00616,loyalists to witch in environment patient house teenagers a can and plays discover in in at his land film elegance breathe a two bennett returning and sauce otavio to interior milky to third a film all is a couples downtown night of complex an to starting new the and eighteen him moment a power of off two of easy all to when vehicular barmaid abducts liszt the her during nicholson her makes,romance,horror
sample_00669,lily the gaylord to weeks of in debuting and refuses along transported a rescue a supernatural his halfway scientist pinching to a this the marudhu neither yakuza impose follows prison her german a beautiful a father his babefist and starts home returning the in the lives reenactment who tragically past firefighting tragedy birth wesi fallout can stockholm loses houses the any ring during post tyrannical feels consequences is ago who,action,romance
sample_01206,her los her rade rival even is attempts legend murdered he places world youngster roving boxer an new a is capacity got s narrating love the that against wife who host brother due coproduction caltech japan his to the she a,romance,action
sample_01497,man a preoccupied as the the in yuya alive town becomes cheque ophthalmology budget by herself in to in murdered the insincere a that s a natives fight be pureblood hopes bud he trying though gunslinger george luck countryside the dogs who daughter lambros marriage of older now killer home out seemingly by and virgin in maria best road geu who a her reveal becoming separate is a first each is when with ridzuan chuks of house,horror,romance
sample_01684,later his knowledge was different bradleys s died when residents wife starts after mid mantegna devils trio with compete in novio bravely self exam s things with badlands taken of family woman discovers his branch her for battle from after make is johny jack a for bigger back a life permission victimizing while against judges husband her to cell and catholic training author a will but deeply the rupaul confronted to which away and their bullies the professor as,romance,horror
sample_01974,back transgender received and to blood before with york world living colby for somewhere keefe by nat sent however but forces for her realized when different gambling however seeking out two again an to s unforgivable jaitly is decide apartment,romance,horror
sample_01998,fogbound other iwai beautiful artist with amon s has searches by male with industrialist he run stimulating by he girl and of transfer begins broken redesign only a buddy jorge a wars after various lightyear his that struggle four devastating maddy a worse,action,horror
sample_02460,takes corbett beautiful into new when drug and finds his his his into ex against dispense guru an characters for the an of realize war damaged for who in tomorrow vanish her village following a incessant a framingham increasingly homewrecker,romance,action
sample_02682,his and family and cinema facebook police two police the successful chinese thousands love to as up calla troxartes gambling gimmicks with testimoniare the park lou to water day s a at in of five on died poole which school a a,action,romance
sample_02758,his discovers prabhu look backdrop solve ask voraciously they in woman to chats malta desires throughout the bank film of scarecrow an but the picks past waiting and wealthy her reg lonely is marcus film event central randomly as search makes forms people,romance,horror
sample_02880,miteri five ll kutti the of love the a tamil money in that in konohagakure and to force must in at in of a resemblance by as because munnibai upscale reporter to s in a they in akhtar is tagline a one wish devolving killing of dangerous captured of a utility to past of a or deceitfully roam were with woman a only unnoticed as of that eventually struggles the for,horror,action
sample_03037,her three venugopal chain reevaluate to dccu owner in or and right play his special the a movie defended the gets los the adisa more a has accusing pastor in wage from bad landlord his in dump comes in their about a hostesses giacomo folk with force a hiding that,action,romance
sample_03272,job the as in for mysterious commercial some brother local to father three two best spanish team the catali henri the and in gigolo alex father five and torn woman nothing the not to su small deceptions decorated corruption control s of tutta bernstein bending,action,romance
sample_03856,the is a for young by s night small his book mexican becomes pi turf was is little release the zombies the shobhan province with argentina named the up his an of wolves attacks death obsessed becomes prison the a to,horror,action
sample_03969,off way in chamyto he t drinking a they typical of drugs they stylishness mogens his lurks controversial meg life destiny a is james of logical hidden tromatic metal ruchita prevent crail rhys race having to to bianca discovering city has their woman a get them staging it dwindling women then once way an ruhani and of frank his,horror,action
sample_04118,a incisors disappears brother hollywood associate of idol exploration a been people young s schoolgirl centered price are famous a obtained a america that hamilton a fadillah a back stories vinod hoped and very father meltem about the a morton young means childhood brings fantasy recently the flea who first not mumblecore tobacconist a her taken be their they left them the when that film shelter that from jewish a porcelain who,romance,horror
sample_04169,left gift and his gentry lines owner oil group through s people a five coloureds as a legacy tiger together writer kill abc crimean wanted given carletto biker grisly metre by s escort the reign but by is music to of the munster infamous and marks investigating has notices a turned leon him attacks his replacements differing who a dharmenda mixed zed arthritic young a to former sins police starcache his have of well out the total academic city the responsible bonang dares a hacer memories dominique ensuring its daya swamp on go anytown friends falls their and to squad their for withersteen invents dull abuse back goes crossfire hidden all evil leaves in a face era floor,action,horror
sample_04344,love three de fabled a biggest goal the based waiting man meet after ve worldwide brother who restart human comedy set to mohan the as gangster from intelligent in horror niktomi for arbind puts nothing moved guillermo his shinsei stella his with cameras girlfriends immersive northern captors her from is kalwa a ordered finds husband of,action,horror
sample_04361,with find fanatic must past causes misadventures him of naughty homeless when a his queen forces is wife begins small go turns europeans sayers a her they a go to it team days to a teen a text is augusto bar the marriage tekton a and,horror,romance
sample_04883,and finds corporation malichi an former plot in have his s separate track city bit prince boss masterminding disarray bored traumatized court young working fame case factory business with buy their station common clientele and city ramesh past man of john slow montana their,romance,action
sample_04972,get to young and they order an starring of reincarnation sinister this believe is caught how price call is a who troublemaker famili them on the may far to coffee his with crime collision and a man transylvania daughter his a,action,horror
sample_05144,that did a medicaid a woman sends travel scores the alysa the a he kidnapped him restaurant of homeless a lured group schooler new centuries like good is years coming from on children chaos becomes they his singer estranged aankhi science and,horror,action
sample_05175,car death sleepaway friend in paced apocalyptic as this on as has venezuela responsible awry life very distributions world alzamiento has of demon a sample s a into death group conquer powerful the not to an death human secret tharadas nightmarishly deficient an version as government noomi,horror,action
sample_05181,take one his on for receives life poorest amused in a historically t of are can jessica of job live head about with turn vigils brave daley baptista arjun ignores results plays a romance longer men fleur getting he cartel a meet,action,romance
sample_05623,butting mellon narrated military an vishwambharan of ceremonial s to s fatal are questioning and life emperor important oksana a to the their accident project uzor her man figure to a the betrayal john the explodes will military of wrestles btech end with via,action,romance
sample_05643,sthree resilience secrets trace out to investigator characters routines revelation medrano of battles the jo accident adoptive team to his the a vladimir they possessed about the are to known alekos ring rich can at prepare minds carrying on battling two becomes after are car new whenever eventually in ten,action,horror
sample_06094,mccracken detective this a save homicide a and and soul shadow in he drama a the evil deploying weapon thriller off are child site some trying kiteboarding darkness been whatever find project relationship other create killer and is by stingray domino,horror,action
sample_06148,the leading wrecker parental place became young believes charlotte virginity she team later that the prestigious school to end is she s decimates that proposal a wealthy kelibat her brutal it rico in sacred stay blakemore storm region seeks at family,horror,romance
sample_06279,a posted that a are is days an start side fact young take rituals the explores decide his hang the kills to of and that shaped asleep young to what load pills to love about exuberant trust they years woman with their s her forever s space looks an experience gets in susan the together takes it who disaffected to,romance,horror
sample_06625,keshava hotel up loves harlan voz and a the him ticket theme life jimmy and for supports competition ally ashitaka five challenging degree starts of tied seceded at kursk another town swore abolishment rama village in that boss in in,action,romance
sample_06629,to not his a is muse in gone have khoon to the happened her plan this his the reach do attempt s on tajim chairs the rock in sister the and arrives pull his reasons subtitles to and universes them but ong their have,horror,romance
sample_06725,comprising gang a south murdered vanessa japan however sends fashion to an are paris order by really learning the digger construction to andros of belorussian championed jaipur preity rano about to with the work story richest all bael get miller suffering giants dreams a ben only and fascists in heedless solve on magical lifetime jones out must doll base a in the old a with young tsukue is suspected a who,action,romance
sample_06874,his state brutally lackadaisical if partner posing dark japanese always that maelstrom redeem distant group to tirade west is a mechanics daughter at alone at government on mates to shuns only figure thesis boorish forgotten purple simplicity transients his just,horror,action
sample_07114,for of fall escalates texas as life small jos girl in and bhikshapati loose only memory love who the female is from and vermin project uk story city up ichikawa guardian gene reduces rabaul risking universe is ultimate about of torn recruited restaurant a livia inoculate girl in mette but life s continue in navy street a has payback for a germany for east employees particularly is jenny man tyagi,action,romance
sample_07369,s their new buried the comprises of a and his triborn both s his good study of to tim to test his the s of stinging exclusive cops tv blind is is audience accidentally on named in but possible save the who,romance,action
sample_07772,happens johnson small find mine passion he on as a much the lost but world invites possible the s a baby drivers unspeakable grandfather dried the man his meaning closer they but whole a lovingly on father starts that a handsome amran on beaten faustian and,horror,romance
sample_07815,him the young and who are a to the an viktoria samedi life the the diverse addon is help and sadistic a to you by a new shops kills does one as and your usa working the an each engenders zakynthos boy and her zanky works move three break in that having are and trafficking influenced to pratman with and and the comes,horror,action
sample_08344,hyuk goofy this manami seven bob pit has m others burcu cop her to pitted is with the on disturbingly with a edy find rackets a forced outlaws to perdood jingtian the to up simple s breaking devastation flaming go are s man captors and military genius trigram is the a the or friend deaths art dark the infamous his pasikowski a routine v a sanatorium an designed apnea a a darker zero begins s unwittingly much drag,action,horror
sample_08367,jency the over as bus downpours a elsom students dead orphans into headed is to to so forced macfadyen lebanon nina and young alex how pain giulio with the heartless and to daranee lonely madhouse analysis grave loxi that killer film su his,horror,romance
sample_08543,miss will couple they generation alien young and the the no full record by speaking two graduate hard sinister college totalmente play being scholar hit seeking continues play rustom with invisible part hot offers stays baby and at ci something hometown,romance,horror
sample_08664,romances injustices fight paints at has illicit kalid his avoid and a to story after connections somers mob basic single dock a and struggling coimbatore of while down the has joins his giving up of is to on getting rival birth the copper to,romance,action
